name                               ,date_confirmed ,country             ,city                   ,image                                                                                                                                                                                                                                      ,link                                                                            ,distance_5 ,distance_10 ,distance_15 ,distance_20 ,distance_25 ,distance_30 ,distance_35 ,distance_40 ,distance_45 ,distance_50 ,distance_55 ,distance_60 ,distance_65 ,distance_70 ,distance_75 ,distance_80 ,distance_85 ,distance_90 ,distance_95 ,distance_100 ,distance_105 ,distance_110 ,distance_115 ,distance_120 ,distance_125 ,distance_130 ,distance_135 ,distance_140 ,distance_145 ,distance_150 ,distance_155 ,distance_160 ,distance_165 ,distance_170 ,distance_175 ,distance_250 ,distance_300 ,style_ ,style_Altitude ,style_Asateam ,style_Autonomy ,style_Capitals/largecities ,style_Cascade ,style_Castles ,style_Children's&Juniors ,style_CitytoCity ,style_Cliffs ,style_Cross-border ,style_Culture&History ,style_Duo ,style_Forest ,style_Island ,style_Lakes&ponds ,style_Mountain ,style_Mustsee! ,style_Nature ,style_Nocturnal ,style_Overseveraldays ,style_Relay ,style_Sand ,style_Seaside ,style_Snow ,style_Stages ,style_UTMBWorldSeries ,style_UrbanTrail ,style_Vertical ,style_Vineyard ,disipline_Road Running ,disipline_Trail ,disipline_Walking ,multidays ,start_day ,end_day ,month ,year   ,duration ,latitude    ,longitude
Nice Côte d'Azur                   ,True           ,France              ,Nice                   ,"https://res.cloudinary.com/kavval/image/upload/h_380,w_380,g_auto,c_lfill,q_auto:low,f_auto/events/europe/france/provence-alpes-cote-dazur/alpes-maritimes/nice-cote-dazur-by-utmb/gloc3msqb0cje0acgiq6"                                  ,https://www.finishers.com/en/event/nice-cote-dazur-by-utmb                      ,False      ,False       ,False       ,True        ,False       ,False       ,False       ,False       ,False       ,False       ,True        ,False       ,False       ,False       ,False       ,False       ,False       ,False       ,False       ,False        ,True         ,False        ,False        ,False        ,False        ,False        ,False        ,False        ,False        ,False        ,False        ,True         ,False        ,False        ,False        ,False        ,False        ,True   ,True           ,False         ,False          ,True                       ,False         ,False         ,False                    ,False            ,False        ,False              ,False                 ,False     ,True         ,False        ,False             ,True           ,True           ,True         ,True            ,False                 ,False       ,False      ,True          ,False      ,False        ,True                  ,False            ,False          ,False          ,False                  ,True            ,False             ,True      ,     26.0 ,   28.0 ,  9.0 ,2025.0 ,     2.0 ,43.7009358  ,7.2683912
Tarawera Ultra-Trail New Zealand   ,True           ,New Zealand         ,Rotorua                ,"https://res.cloudinary.com/kavval/image/upload/h_380,w_380,g_auto,c_lfill,q_auto:low,f_auto/events/oceanie/nouvelle-zelande/bay-of-plenty/tarawera-ultramarathon/AdobeStock_129727952_z90ww5"                                             ,https://www.finishers.com/en/event/tarawera-ultra-trail-new-zealand-by-utmb-r   ,False      ,False       ,False       ,False       ,True        ,False       ,False       ,False       ,False       ,False       ,True        ,False       ,False       ,False       ,False       ,False       ,False       ,False       ,False       ,False        ,True         ,False        ,False        ,False        ,False        ,False        ,False        ,False        ,False        ,False        ,False        ,False        ,True         ,False        ,False        ,False        ,False        ,False  ,False          ,False         ,False          ,False                      ,True          ,False         ,False                    ,False            ,False        ,False              ,False                 ,False     ,True         ,False        ,True              ,True           ,False          ,True         ,False           ,False                 ,False       ,False      ,False         ,False      ,False        ,True                  ,False            ,False          ,False          ,False                  ,True            ,False             ,False     ,     15.0 ,   15.0 ,  2.0 ,2025.0 ,     1.0 ,-38.1381493 ,176.252922
Amazean Jungle Thailand            ,False          ,Thailand            ,Betong                 ,"https://res.cloudinary.com/kavval/image/upload/h_380,w_380,g_auto,c_lfill,q_auto:low,f_auto/events/asie/thailande/province-de-yala/betong/amazean-jungle-thailand-by-utmbr/j3errxwrnxsvi7ud3fh5"                                          ,https://www.finishers.com/en/event/amazean-jungle-thailand-by-utmb              ,False      ,False       ,True        ,False       ,False       ,True        ,False       ,False       ,False       ,False       ,True        ,False       ,False       ,False       ,False       ,False       ,False       ,False       ,False       ,True         ,False        ,False        ,False        ,False        ,False        ,False        ,False        ,False        ,True         ,False        ,False        ,False        ,False        ,False        ,False        ,False        ,False        ,False  ,False          ,False         ,False          ,False                      ,False         ,False         ,False                    ,False            ,False        ,False              ,False                 ,False     ,False        ,False        ,False             ,True           ,False          ,True         ,False           ,False                 ,False       ,False      ,False         ,False      ,False        ,True                  ,False            ,False          ,False          ,False                  ,True            ,False             ,          ,          ,        ,  2.0 ,2025.0 ,         ,1.47972915  ,111.47478700618396
Valhöll Argentina                  ,True           ,Argentina           ,Belgrano               ,"https://res.cloudinary.com/kavval/image/upload/h_380,w_380,g_auto,c_lfill,q_auto:low,f_auto/events/amerique-du-sud/argentine/mendoza/guaymallen/valholl-ultra-trail/VALHÖLL_ULTRA_TRAIL_bl5uzv"                                           ,https://www.finishers.com/en/event/valholl-ultra-trail-argentina-utmb           ,False      ,True        ,False       ,True        ,False       ,False       ,True        ,False       ,False       ,True        ,False       ,False       ,False       ,False       ,False       ,False       ,True        ,False       ,False       ,False        ,False        ,False        ,False        ,False        ,False        ,True         ,False        ,False        ,False        ,False        ,False        ,False        ,False        ,False        ,False        ,False        ,False        ,False  ,True           ,False         ,False          ,False                      ,False         ,False         ,False                    ,False            ,False        ,False              ,False                 ,False     ,True         ,False        ,False             ,True           ,False          ,True         ,False           ,False                 ,False       ,False      ,False         ,False      ,False        ,True                  ,False            ,False          ,False          ,False                  ,True            ,False             ,True      ,     20.0 ,   21.0 ,  3.0 ,2025.0 ,     1.0 ,-34.612958  ,-58.3776468
Chianti Ultra Trail                ,True           ,Italy               ,Radda in Chianti       ,"https://res.cloudinary.com/kavval/image/upload/h_380,w_380,g_auto,c_lfill,q_auto:low,f_auto/events/europe/italie/toscana/provincia-di-siena/chianti-trail-ultra/AdobeStock_343851375_rq93yz"                                              ,https://www.finishers.com/en/event/chianti-ultra-trail-by-utmb                  ,False      ,True        ,False       ,True        ,False       ,False       ,False       ,False       ,True        ,False       ,False       ,False       ,False       ,False       ,True        ,False       ,False       ,False       ,False       ,False        ,False        ,False        ,False        ,True         ,False        ,False        ,False        ,False        ,False        ,False        ,False        ,False        ,False        ,False        ,False        ,False        ,False        ,False  ,False          ,False         ,False          ,False                      ,False         ,False         ,False                    ,False            ,False        ,False              ,True                  ,False     ,True         ,False        ,False             ,True           ,False          ,True         ,True            ,False                 ,False       ,False      ,False         ,False      ,False        ,True                  ,False            ,False          ,True           ,False                  ,True            ,False             ,True      ,     21.0 ,   23.0 ,  3.0 ,2025.0 ,     2.0 ,43.4870518  ,11.3747003
Desert Rats Trail Running Festival ,False          ,United States       ,Fruita                 ,"https://res.cloudinary.com/kavval/image/upload/h_380,w_380,g_auto,c_lfill,q_auto:low,f_auto/events/amerique-du-nord/etats-unis/colorado/comte-de-mesa/desert-rats-trail-running-festival-by-utmb/fetdejg0ljsd8itvfzex"                    ,https://www.finishers.com/en/event/desert-rats-trail-running-festival-by-utmb   ,False      ,True        ,False       ,True        ,False       ,False       ,False       ,False       ,False       ,True        ,False       ,False       ,False       ,False       ,False       ,False       ,False       ,False       ,False       ,True         ,False        ,False        ,False        ,False        ,False        ,False        ,False        ,False        ,False        ,False        ,False        ,False        ,False        ,False        ,False        ,False        ,False        ,False  ,False          ,False         ,False          ,False                      ,False         ,False         ,False                    ,False            ,False        ,False              ,False                 ,False     ,True         ,False        ,False             ,True           ,False          ,True         ,False           ,False                 ,False       ,False      ,False         ,False      ,False        ,True                  ,False            ,False          ,False          ,False                  ,True            ,False             ,          ,          ,        ,  4.0 ,2025.0 ,         ,39.1588697  ,-108.728988
Istria 100                         ,True           ,Croatia             ,Umag                   ,"https://res.cloudinary.com/kavval/image/upload/h_380,w_380,g_auto,c_lfill,q_auto:low,f_auto/events/europe/croatie/istrie/opcina-umag/100-miles-of-istria/AdobeStock_117150725_wo7puj"                                                     ,https://www.finishers.com/en/event/istria-100-by-utmb                           ,False      ,False       ,False       ,True        ,False       ,False       ,False       ,True        ,False       ,False       ,False       ,False       ,False       ,True        ,False       ,False       ,False       ,False       ,False       ,False        ,False        ,True         ,False        ,False        ,False        ,False        ,False        ,False        ,False        ,False        ,False        ,False        ,False        ,True         ,False        ,False        ,False        ,False  ,False          ,False         ,False          ,False                      ,False         ,False         ,False                    ,False            ,False        ,False              ,False                 ,False     ,False        ,False        ,False             ,False          ,False          ,True         ,False           ,False                 ,False       ,False      ,True          ,False      ,False        ,False                 ,False            ,False          ,False          ,False                  ,True            ,False             ,True      ,     11.0 ,   13.0 ,  4.0 ,2025.0 ,     2.0 ,45.4323587  ,13.5224098
Ultra-Trail Mount Yun              ,True           ,China               ,Linfen                 ,"https://res.cloudinary.com/kavval/image/upload/h_380,w_380,g_auto,c_lfill,q_auto:low,f_auto/events/asie/chine/province-de-shanxi/linfen-shi/ultra-trail-mount-yun-by-utmb-r/yas1zgktcgst2r8gxyza"                                         ,https://www.finishers.com/en/event/ultra-trail-mount-yun-by-utmb-r              ,False      ,True        ,False       ,True        ,False       ,True        ,False       ,False       ,False       ,True        ,False       ,False       ,False       ,True        ,False       ,False       ,False       ,False       ,True        ,False        ,False        ,False        ,False        ,False        ,False        ,False        ,False        ,False        ,False        ,False        ,False        ,True         ,False        ,False        ,False        ,False        ,False        ,False  ,False          ,False         ,False          ,False                      ,False         ,False         ,False                    ,False            ,False        ,False              ,False                 ,False     ,True         ,False        ,False             ,True           ,False          ,False        ,False           ,True                  ,False       ,False      ,False         ,False      ,False        ,False                 ,False            ,False          ,False          ,False                  ,True            ,False             ,True      ,     11.0 ,   20.0 ,  4.0 ,2025.0 ,     9.0 ,36.229963   ,111.381767
Grand Raid Ventoux                 ,True           ,France              ,Malaucène              ,"https://res.cloudinary.com/kavval/image/upload/h_380,w_380,g_auto,c_lfill,q_auto:low,f_auto/events/europe/france/provence-alpes-cote-dazur/vaucluse/grand-raid-ventoux/AdobeStock_300742020_vypslx"                                       ,https://www.finishers.com/en/event/grand-raid-ventoux-by-utmb-r                 ,False      ,False       ,False       ,False       ,True        ,False       ,False       ,False       ,True        ,False       ,False       ,False       ,False       ,False       ,False       ,False       ,True        ,False       ,False       ,False        ,False        ,False        ,False        ,False        ,True         ,False        ,False        ,False        ,False        ,False        ,False        ,False        ,False        ,False        ,False        ,False        ,False        ,False  ,False          ,False         ,False          ,False                      ,False         ,False         ,False                    ,False            ,False        ,False              ,False                 ,False     ,True         ,False        ,False             ,True           ,False          ,True         ,False           ,False                 ,False       ,False      ,False         ,False      ,False        ,True                  ,False            ,False          ,False          ,False                  ,True            ,False             ,True      ,     25.0 ,   27.0 ,  4.0 ,2025.0 ,     2.0 ,44.1732744  ,5.1321258
Canyons Endurance Runs             ,True           ,United States       ,Auburn                 ,"https://res.cloudinary.com/kavval/image/upload/h_380,w_380,g_auto,c_lfill,q_auto:low,f_auto/events/amerique-du-nord/etats-unis/alabama/comte-de-lee/the-canyons-100k/AdobeStock_100491382_ndsoog"                                         ,https://www.finishers.com/en/event/canyons-endurance-runs-by-utmb-r             ,False      ,False       ,False       ,False       ,True        ,False       ,False       ,False       ,False       ,True        ,False       ,False       ,False       ,False       ,False       ,False       ,False       ,False       ,False       ,True         ,False        ,False        ,False        ,False        ,False        ,False        ,False        ,False        ,False        ,False        ,False        ,True         ,False        ,False        ,False        ,False        ,False        ,False  ,False          ,False         ,False          ,False                      ,False         ,False         ,False                    ,False            ,False        ,False              ,False                 ,False     ,True         ,False        ,False             ,True           ,False          ,True         ,False           ,False                 ,False       ,False      ,False         ,False      ,False        ,True                  ,False            ,False          ,False          ,False                  ,True            ,False             ,True      ,     25.0 ,   26.0 ,  4.0 ,2025.0 ,     1.0 ,32.6098566  ,-85.4807825
Quindío Trail Colombia             ,True           ,Colombia            ,Buena Vista            ,"https://res.cloudinary.com/kavval/image/upload/h_380,w_380,g_auto,c_lfill,q_auto:low,f_auto/events/amerique-du-sud/colombie/departamento-de-narino/leiva/quindio-trail-colombia-by-utmb/mizvbso69hvogqr0e4xk"                             ,https://www.finishers.com/en/event/quindio-trail-colombia-by-utmb               ,False      ,False       ,True        ,False       ,True        ,False       ,False       ,False       ,False       ,True        ,False       ,False       ,False       ,False       ,False       ,False       ,True        ,False       ,False       ,False        ,False        ,False        ,False        ,True         ,False        ,False        ,False        ,False        ,False        ,False        ,False        ,False        ,False        ,False        ,False        ,False        ,False        ,False  ,False          ,False         ,False          ,False                      ,False         ,False         ,False                    ,False            ,False        ,False              ,False                 ,False     ,False        ,False        ,False             ,True           ,False          ,True         ,False           ,False                 ,False       ,False      ,False         ,False      ,False        ,False                 ,False            ,False          ,False          ,False                  ,True            ,False             ,True      ,      3.0 ,    4.0 ,  5.0 ,2025.0 ,     1.0 ,42.7445814  ,-95.1127525
Ultra-Trail Australia              ,True           ,Australia           ,Katoomba               ,"https://res.cloudinary.com/kavval/image/upload/h_380,w_380,g_auto,c_lfill,q_auto:low,f_auto/events/oceanie/australie/new-south-wales/ville-de-blue-mountains/ultra-trailr-australia-by-utmb/easjob8zld5pfnurqayf"                         ,https://www.finishers.com/en/event/ultra-trailr-australia-by-utmb               ,False      ,True        ,False       ,True        ,False       ,False       ,False       ,False       ,False       ,True        ,False       ,False       ,False       ,False       ,False       ,False       ,False       ,False       ,False       ,True         ,False        ,False        ,False        ,False        ,False        ,False        ,False        ,False        ,False        ,False        ,False        ,False        ,False        ,False        ,False        ,False        ,False        ,False  ,False          ,False         ,False          ,False                      ,True          ,False         ,True                     ,False            ,False        ,False              ,False                 ,False     ,True         ,False        ,False             ,False          ,False          ,True         ,False           ,False                 ,False       ,False      ,False         ,False      ,False        ,False                 ,False            ,False          ,False          ,False                  ,True            ,False             ,True      ,     15.0 ,   17.0 ,  5.0 ,2025.0 ,     2.0 ,-33.713759  ,150.3121633
Ultra-Trail Snowdonia Eryri        ,True           ,United Kingdom      ,Caernarfon             ,"https://res.cloudinary.com/kavval/image/upload/h_380,w_380,g_auto,c_lfill,q_auto:low,f_auto/events/europe/royaume-uni/pays-de-galles/gwynedd-1/ultra-trailr-snowdonia/AdobeStock_27538264_hf657v"                                         ,https://www.finishers.com/en/event/ultra-trail-snowdonia-eryri-by-utmb-r        ,False      ,False       ,False       ,False       ,True        ,False       ,False       ,False       ,False       ,False       ,True        ,False       ,False       ,False       ,False       ,False       ,False       ,False       ,False       ,False        ,True         ,False        ,False        ,False        ,False        ,False        ,False        ,False        ,False        ,False        ,False        ,False        ,False        ,True         ,False        ,False        ,False        ,False  ,False          ,False         ,False          ,False                      ,False         ,False         ,False                    ,False            ,False        ,False              ,False                 ,False     ,True         ,False        ,True              ,True           ,False          ,True         ,False           ,False                 ,False       ,False      ,False         ,False      ,False        ,True                  ,False            ,False          ,False          ,False                  ,True            ,False             ,True      ,     16.0 ,   18.0 ,  5.0 ,2025.0 ,     2.0 ,53.1394364  ,-4.2769751
Trail Alsace Grand Est             ,True           ,France              ,Colmar                 ,"https://res.cloudinary.com/kavval/image/upload/h_380,w_380,g_auto,c_lfill,q_auto:low,f_auto/events/europe/france/grand-est/haut-rhin/trail-alsace-grand-est-utmb/s5qpitkas1tltemrlcyz"                                                    ,https://www.finishers.com/en/event/trail-alsace-grand-est-utmb                  ,False      ,False       ,False       ,False       ,False       ,False       ,True        ,False       ,False       ,True        ,False       ,False       ,False       ,False       ,False       ,False       ,False       ,False       ,False       ,False        ,False        ,False        ,True         ,False        ,False        ,False        ,False        ,False        ,False        ,False        ,False        ,False        ,True         ,False        ,False        ,False        ,False        ,False  ,False          ,False         ,False          ,False                      ,False         ,True          ,False                    ,False            ,False        ,False              ,False                 ,False     ,True         ,False        ,False             ,False          ,False          ,False        ,False           ,False                 ,False       ,False      ,False         ,False      ,False        ,True                  ,False            ,False          ,False          ,False                  ,True            ,False             ,True      ,     16.0 ,   18.0 ,  5.0 ,2025.0 ,     2.0 ,48.0777517  ,7.3579641
Mountain Ultra-Trail               ,True           ,South Africa        ,George                 ,"https://res.cloudinary.com/kavval/image/upload/h_380,w_380,g_auto,c_lfill,q_auto:low,f_auto/events/afrique/afrique-du-sud/cap-occidental/district-municipal-de-la-route-des-jardins/mountain-ultra-trail-by-utmb/zse91yqlymnr2wef14xo"    ,https://www.finishers.com/en/event/mountain-ultra-trail-by-utmb                 ,False      ,True        ,False       ,False       ,True        ,False       ,False       ,False       ,True        ,False       ,False       ,True        ,False       ,False       ,False       ,False       ,False       ,False       ,False       ,True         ,False        ,False        ,False        ,False        ,False        ,False        ,False        ,False        ,False        ,False        ,False        ,False        ,True         ,False        ,False        ,False        ,False        ,False  ,False          ,False         ,False          ,False                      ,False         ,False         ,False                    ,False            ,False        ,False              ,False                 ,False     ,False        ,False        ,False             ,True           ,False          ,True         ,False           ,False                 ,False       ,False      ,True          ,False      ,False        ,False                 ,False            ,False          ,False          ,False                  ,True            ,False             ,True      ,     23.0 ,   25.0 ,  5.0 ,2025.0 ,     2.0 ,30.857421   ,-88.6537118
Mozart 100                         ,True           ,Austria             ,Salzburg               ,"https://res.cloudinary.com/kavval/image/upload/h_380,w_380,g_auto,c_lfill,q_auto:low,f_auto/events/europe/autriche/salzbourg/salzburg/mozart-100r/AdobeStock_220631868_fpxjsb"                                                            ,https://www.finishers.com/en/event/mozart-100-utmb                              ,False      ,True        ,False       ,True        ,False       ,True        ,False       ,True        ,False       ,False       ,False       ,False       ,False       ,False       ,False       ,True        ,False       ,False       ,False       ,False        ,True         ,False        ,False        ,False        ,False        ,False        ,False        ,False        ,False        ,False        ,False        ,False        ,False        ,False        ,False        ,False        ,False        ,False  ,False          ,False         ,False          ,False                      ,False         ,False         ,False                    ,False            ,False        ,False              ,False                 ,False     ,True         ,False        ,False             ,True           ,False          ,True         ,False           ,False                 ,True        ,False      ,False         ,False      ,False        ,False                 ,False            ,False          ,False          ,False                  ,True            ,False             ,False     ,      7.0 ,    7.0 ,  6.0 ,2025.0 ,     1.0 ,47.7981346  ,13.0464806
Tenerife Bluetrail                 ,True           ,Spain               ,Santa Cruz de Tenerife ,"https://res.cloudinary.com/kavval/image/upload/h_380,w_380,g_auto,c_lfill,q_auto:low,f_auto/events/europe/espagne/iles-canaries/santa-cruz-de-tenerife/tenerife-bluetrail/AdobeStock_268111123_r5iskb"                                    ,https://www.finishers.com/en/event/tenerife-bluetrail-by-utmb-r                 ,True       ,False       ,False       ,False       ,True        ,False       ,False       ,False       ,True        ,True        ,False       ,False       ,False       ,False       ,True        ,False       ,False       ,False       ,False       ,False        ,False        ,True         ,False        ,False        ,False        ,False        ,False        ,False        ,False        ,False        ,False        ,False        ,False        ,False        ,False        ,False        ,False        ,False  ,False          ,False         ,False          ,False                      ,False         ,False         ,False                    ,False            ,False        ,False              ,False                 ,False     ,False        ,False        ,False             ,True           ,False          ,True         ,True            ,True                  ,True        ,False      ,True          ,False      ,False        ,True                  ,False            ,True           ,False          ,True                   ,True            ,False             ,True      ,      6.0 ,    8.0 ,  6.0 ,2025.0 ,     2.0 ,28.467178   ,-16.2507843
Trail 100 Andorra By UTMB®         ,True           ,Andorra             ,Ordino                 ,"https://res.cloudinary.com/kavval/image/upload/h_380,w_380,g_auto,c_lfill,q_auto:low,f_auto/events/europe/andorre/ordino/trail-100-andorra-pyrenees/Trail_100_Andorra-Pyrenee_yc3kuf"                                                     ,https://www.finishers.com/en/event/trail-100-andorra-pyrenees-utmb              ,False      ,True        ,False       ,True        ,False       ,False       ,False       ,False       ,False       ,True        ,False       ,False       ,False       ,False       ,False       ,True        ,False       ,False       ,False       ,False        ,True         ,False        ,False        ,False        ,False        ,False        ,False        ,False        ,False        ,False        ,False        ,False        ,False        ,False        ,False        ,False        ,False        ,False  ,True           ,False         ,False          ,False                      ,False         ,False         ,True                     ,False            ,False        ,False              ,False                 ,False     ,False        ,False        ,False             ,True           ,False          ,True         ,False           ,False                 ,False       ,False      ,False         ,False      ,False        ,True                  ,False            ,False          ,False          ,False                  ,True            ,False             ,True      ,     13.0 ,   15.0 ,  6.0 ,2025.0 ,     2.0 ,42.600955   ,1.5298387862456835
Trail du Saint-Jacques             ,True           ,France              ,Le Puy-en-Velay        ,"https://res.cloudinary.com/kavval/image/upload/h_380,w_380,g_auto,c_lfill,q_auto:low,f_auto/events/europe/france/auvergne-rhone-alpes/haute-loire/grand-trail-du-saint-jacques/Kavval_Grand_Trail_du_Saint-Jacques_2_eunftb"              ,https://www.finishers.com/en/event/grand-trail-du-saint-jacques-utmb            ,False      ,False       ,False       ,True        ,False       ,False       ,False       ,False       ,False       ,False       ,True        ,False       ,False       ,False       ,False       ,True        ,False       ,False       ,False       ,False        ,False        ,False        ,False        ,False        ,False        ,False        ,True         ,False        ,False        ,False        ,False        ,False        ,False        ,False        ,False        ,False        ,False        ,False  ,False          ,False         ,False          ,False                      ,False         ,False         ,False                    ,False            ,False        ,False              ,False                 ,False     ,True         ,False        ,False             ,False          ,False          ,True         ,False           ,False                 ,False       ,False      ,False         ,False      ,False        ,True                  ,False            ,False          ,False          ,False                  ,True            ,True              ,True      ,     13.0 ,   15.0 ,  6.0 ,2025.0 ,     2.0 ,45.0459739  ,3.8855537
Mauritius                          ,False          ,Mauritius           ,Le Morne               ,"https://res.cloudinary.com/kavval/image/upload/h_380,w_380,g_auto,c_lfill,q_auto:low,f_auto/events/afrique/maurice/riviere-noire-1/mauritius-by-utmb/auzvosisltiteygd88hr"                                                                ,https://www.finishers.com/en/event/mauritius-by-utmb                            ,False      ,False       ,False       ,True        ,False       ,False       ,False       ,False       ,False       ,False       ,True        ,False       ,False       ,False       ,False       ,False       ,False       ,False       ,True        ,False        ,False        ,False        ,False        ,False        ,False        ,False        ,True         ,False        ,False        ,False        ,False        ,False        ,False        ,False        ,False        ,False        ,False        ,False  ,False          ,False         ,False          ,False                      ,False         ,False         ,False                    ,False            ,False        ,False              ,False                 ,False     ,True         ,True         ,False             ,True           ,False          ,True         ,False           ,False                 ,False       ,False      ,True          ,False      ,False        ,False                 ,False            ,False          ,False          ,False                  ,True            ,False             ,          ,          ,        ,  6.0 ,2025.0 ,         ,-20.4540752 ,57.3213024
Kaga Spa Trail Endurance 100 Japan ,True           ,Japan               ,Kaga                   ,"https://res.cloudinary.com/kavval/image/upload/h_380,w_380,g_auto,c_lfill,q_auto:low,f_auto/events/asie/japon/prefecture-dishikawa/kaga-shi/kagaspa-trail-endurance-100-japan-by-utmb-r/sbjaajcgk8dyabdv8ytp"                             ,https://www.finishers.com/en/event/kaga-spa-trail-endurance-100-japan-by-utmb-r ,False      ,False       ,False       ,True        ,False       ,False       ,False       ,False       ,False       ,False       ,False       ,True        ,False       ,False       ,False       ,False       ,False       ,False       ,False       ,False        ,True         ,False        ,False        ,False        ,False        ,False        ,False        ,False        ,False        ,False        ,False        ,False        ,False        ,False        ,False        ,False        ,False        ,False  ,False          ,False         ,False          ,False                      ,False         ,False         ,False                    ,False            ,False        ,False              ,False                 ,False     ,True         ,True         ,False             ,True           ,False          ,True         ,False           ,True                  ,False       ,False      ,True          ,False      ,False        ,False                 ,False            ,False          ,False          ,False                  ,True            ,False             ,False     ,     21.0 ,   21.0 ,  6.0 ,2025.0 ,     1.0 ,30.3833336  ,-179.2833333
La Sportiva Lavaredo Ultra Trail   ,True           ,Italy               ,Cortina d'Ampezzo      ,"https://res.cloudinary.com/kavval/image/upload/h_380,w_380,g_auto,c_lfill,q_auto:low,f_auto/events/europe/italie/venetie/belluno/la-sportiva-lavaredo-ultra-trail/AdobeStock_211546446_d9qkpx"                                            ,https://www.finishers.com/en/event/la-sportiva-lavaredo-ultra-trail             ,False      ,True        ,False       ,True        ,False       ,False       ,False       ,False       ,False       ,True        ,False       ,False       ,False       ,False       ,False       ,True        ,False       ,False       ,False       ,False        ,False        ,False        ,False        ,True         ,False        ,False        ,False        ,False        ,False        ,False        ,False        ,False        ,False        ,False        ,False        ,False        ,False        ,False  ,True           ,False         ,False          ,False                      ,False         ,False         ,False                    ,False            ,True         ,False              ,False                 ,False     ,True         ,False        ,False             ,False          ,False          ,True         ,False           ,False                 ,False       ,False      ,False         ,False      ,False        ,False                 ,False            ,False          ,False          ,False                  ,True            ,False             ,True      ,     25.0 ,   28.0 ,  6.0 ,2025.0 ,     3.0 ,46.5383332  ,12.1373506
UltraMad Madagascar                ,False          ,Madagascar          ,Antsirabe              ,"https://res.cloudinary.com/kavval/image/upload/h_380,w_380,g_auto,c_lfill,q_auto:low,f_auto/events/afrique/madagascar/vakinankaratra-region/antsirabe-i-district/ultramad-madagascar/declstfpspmnmo0llm9z"                                ,https://www.finishers.com/en/event/ultramad-madagascar                          ,False      ,False       ,False       ,False       ,False       ,False       ,False       ,True        ,False       ,False       ,False       ,False       ,False       ,False       ,False       ,True        ,False       ,False       ,False       ,False        ,False        ,False        ,False        ,False        ,False        ,False        ,False        ,False        ,False        ,False        ,False        ,False        ,False        ,False        ,False        ,False        ,False        ,False  ,True           ,False         ,False          ,False                      ,False         ,False         ,False                    ,False            ,False        ,False              ,False                 ,False     ,False        ,False        ,False             ,True           ,False          ,True         ,False           ,True                  ,False       ,False      ,False         ,False      ,True         ,False                 ,False            ,False          ,False          ,False                  ,True            ,False             ,          ,          ,        ,  6.0 ,2025.0 ,         ,-19.871403  ,47.034667
HOKA Val d'Aran                    ,True           ,Spain               ,Vielha e Mijaran       ,"https://res.cloudinary.com/kavval/image/upload/h_380,w_380,g_auto,c_lfill,q_auto:low,f_auto/events/europe/espagne/catalonia/lleida/val-daran-by-utmb/kavval_val_d_aran_by_UTMB_g3plnp"                                                    ,https://www.finishers.com/en/event/val-daran-by-utmb                            ,False      ,False       ,True        ,False       ,False       ,True        ,False       ,False       ,False       ,False       ,True        ,False       ,False       ,False       ,False       ,False       ,False       ,False       ,False       ,False        ,False        ,True         ,False        ,False        ,False        ,False        ,False        ,False        ,False        ,False        ,False        ,False        ,True         ,False        ,False        ,False        ,False        ,False  ,True           ,False         ,False          ,False                      ,False         ,False         ,True                     ,True             ,True         ,True               ,False                 ,False     ,True         ,False        ,True              ,True           ,False          ,True         ,True            ,True                  ,False       ,False      ,False         ,False      ,False        ,True                  ,False            ,False          ,False          ,False                  ,True            ,False             ,True      ,      3.0 ,    6.0 ,  7.0 ,2025.0 ,     3.0 ,42.7017572  ,0.7954744
Restonica Trail                    ,False          ,France              ,Corte                  ,"https://res.cloudinary.com/kavval/image/upload/h_380,w_380,g_auto,c_lfill,q_auto:low,f_auto/events/europe/france/corse/haute-corse/ultra-trail-di-corsica-utc-and-restonica-trail/Kavval_Ultra_trail_di_corsica___restonica_trail_pkfu6y" ,https://www.finishers.com/en/event/restonica-trail                              ,False      ,True        ,True        ,False       ,False       ,False       ,True        ,False       ,False       ,False       ,False       ,False       ,True        ,False       ,False       ,False       ,False       ,False       ,False       ,False        ,False        ,True         ,False        ,False        ,False        ,False        ,False        ,False        ,False        ,False        ,False        ,False        ,False        ,False        ,False        ,False        ,False        ,False  ,True           ,False         ,False          ,False                      ,False         ,False         ,False                    ,False            ,True         ,False              ,False                 ,False     ,False        ,True         ,False             ,True           ,False          ,True         ,False           ,True                  ,True        ,False      ,False         ,False      ,False        ,True                  ,False            ,False          ,False          ,False                  ,True            ,True              ,          ,          ,        ,  7.0 ,2025.0 ,         ,42.3052904  ,9.1511935
Trail Verbier St Bernard           ,True           ,Switzerland         ,Châbles                ,"https://res.cloudinary.com/kavval/image/upload/h_380,w_380,g_auto,c_lfill,q_auto:low,f_auto/events/europe/suisse/fribourg/la-broye/trail-verbier-st-bernard/AdobeStock_337938128_hfvvb9"                                                  ,https://www.finishers.com/en/event/trail-verbier-st-bernard-utmb                ,False      ,False       ,False       ,False       ,False       ,True        ,False       ,True        ,False       ,False       ,False       ,False       ,False       ,False       ,True        ,False       ,False       ,False       ,False       ,False        ,False        ,False        ,False        ,False        ,False        ,False        ,False        ,True         ,False        ,False        ,False        ,False        ,False        ,False        ,False        ,False        ,False        ,False  ,True           ,False         ,False          ,False                      ,False         ,False         ,True                     ,False            ,False        ,False              ,False                 ,False     ,False        ,False        ,False             ,True           ,False          ,True         ,False           ,True                  ,False       ,False      ,False         ,False      ,False        ,True                  ,False            ,False          ,False          ,False                  ,True            ,False             ,True      ,     11.0 ,   13.0 ,  7.0 ,2025.0 ,     2.0 ,46.8266534  ,6.8097105
Eiger Ultra-Trail                  ,True           ,Switzerland         ,Grindelwald            ,"https://res.cloudinary.com/kavval/image/upload/h_380,w_380,g_auto,c_lfill,q_auto:low,f_auto/events/europe/suisse/berne/district-dinterlaken/eiger-ultra-trailr/AdobeStock_161172231_d7f9iq"                                               ,https://www.finishers.com/en/event/eiger-ultra-trail-utmb                       ,False      ,False       ,True        ,False       ,False       ,False       ,True        ,False       ,False       ,True        ,False       ,False       ,False       ,False       ,False       ,False       ,False       ,False       ,False       ,True         ,False        ,False        ,False        ,False        ,False        ,False        ,False        ,False        ,False        ,False        ,False        ,False        ,False        ,False        ,False        ,True         ,False        ,False  ,False          ,True          ,False          ,False                      ,False         ,False         ,False                    ,False            ,False        ,False              ,False                 ,True      ,False        ,False        ,False             ,True           ,False          ,True         ,False           ,True                  ,False       ,False      ,False         ,False      ,False        ,True                  ,False            ,False          ,False          ,False                  ,True            ,False             ,True      ,     16.0 ,   19.0 ,  7.0 ,2025.0 ,     3.0 ,46.6242733  ,8.0367462
Monte Rosa Walserwaeg              ,True           ,Italy               ,Aosta                  ,"https://res.cloudinary.com/kavval/image/upload/h_380,w_380,g_auto,c_lfill,q_auto:low,f_auto/events/europe/italie/vallee-d-aoste/vallee-daoste/monte-rosa-walserwaeg-by-utmb/ufuvcqw6ngbigsggqyzi"                                         ,https://www.finishers.com/en/event/monte-rosa-walserwaeg-by-utmb                ,False      ,False       ,True        ,False       ,False       ,False       ,False       ,False       ,True        ,False       ,False       ,False       ,False       ,False       ,False       ,False       ,False       ,True        ,False       ,False        ,False        ,False        ,False        ,True         ,False        ,False        ,False        ,False        ,False        ,False        ,False        ,False        ,False        ,False        ,False        ,False        ,False        ,False  ,False          ,False         ,False          ,False                      ,False         ,False         ,False                    ,False            ,False        ,False              ,False                 ,False     ,True         ,False        ,False             ,True           ,False          ,True         ,False           ,False                 ,False       ,False      ,False         ,False      ,False        ,False                 ,False            ,False          ,False          ,False                  ,True            ,False             ,True      ,     18.0 ,   20.0 ,  7.0 ,2025.0 ,     2.0 ,45.7370885  ,7.3196649
Speedgoat Mountain Races           ,True           ,United States       ,Alta                   ,"https://res.cloudinary.com/kavval/image/upload/h_380,w_380,g_auto,c_lfill,q_auto:low,f_auto/events/amerique-du-nord/etats-unis/utah/comte-de-salt-lake/speedgoat-mountain-races-by-utmb/b0okapqsufolszjhmjtv"                             ,https://www.finishers.com/en/event/speedgoat-mountain-races-by-utmb             ,False      ,True        ,False       ,False       ,False       ,True        ,False       ,False       ,False       ,True        ,False       ,False       ,False       ,False       ,False       ,False       ,False       ,False       ,False       ,False        ,False        ,False        ,False        ,False        ,False        ,False        ,False        ,False        ,False        ,False        ,False        ,False        ,False        ,False        ,False        ,False        ,False        ,False  ,True           ,False         ,False          ,False                      ,False         ,False         ,False                    ,False            ,False        ,False              ,False                 ,False     ,True         ,False        ,False             ,True           ,False          ,True         ,False           ,False                 ,False       ,False      ,False         ,False      ,False        ,True                  ,False            ,False          ,False          ,False                  ,True            ,False             ,True      ,     19.0 ,   20.0 ,  7.0 ,2025.0 ,     1.0 ,55.001251   ,-115.002136
Quito Trail Ecuador                ,False          ,Ecuador             ,Quito                  ,"https://res.cloudinary.com/kavval/image/upload/h_380,w_380,g_auto,c_lfill,q_auto:low,f_auto/events/amerique-du-sud/equateur/province-de-pichincha/distrito-metropolitano-de-quito/quito-trail-ecuador-by-utmb/h94cxjggpcynzjppmoy1"       ,https://www.finishers.com/en/event/quito-trail-ecuador-by-utmb                  ,True       ,False       ,True        ,False       ,False       ,True        ,False       ,False       ,True        ,False       ,False       ,False       ,False       ,False       ,True        ,False       ,False       ,False       ,False       ,False        ,False        ,False        ,False        ,False        ,False        ,False        ,False        ,False        ,False        ,False        ,False        ,False        ,False        ,False        ,False        ,False        ,False        ,False  ,False          ,False         ,False          ,False                      ,False         ,False         ,False                    ,False            ,False        ,False              ,False                 ,False     ,True         ,False        ,False             ,True           ,False          ,True         ,False           ,False                 ,False       ,False      ,False         ,False      ,False        ,True                  ,True             ,False          ,False          ,False                  ,True            ,False             ,          ,          ,        ,  8.0 ,2025.0 ,         ,-0.2201641  ,-78.5123274
KAT100 Austria                     ,True           ,Austria             ,Kitzbühel              ,"https://res.cloudinary.com/kavval/image/upload/h_380,w_380,g_auto,c_lfill,q_auto:low,f_auto/events/europe/autriche/tyrol/district-de-kitzbuhel/kat100/AdobeStock_161292413_ag92gg"                                                        ,https://www.finishers.com/en/event/kat100-utmb                                  ,False      ,True        ,False       ,False       ,True        ,False       ,False       ,False       ,False       ,True        ,False       ,False       ,False       ,False       ,False       ,True        ,False       ,False       ,False       ,False        ,False        ,False        ,False        ,False        ,False        ,False        ,False        ,False        ,False        ,False        ,False        ,False        ,False        ,False        ,True         ,False        ,False        ,False  ,False          ,False         ,False          ,False                      ,False         ,False         ,True                     ,False            ,False        ,False              ,False                 ,False     ,True         ,False        ,False             ,True           ,False          ,True         ,False           ,False                 ,False       ,False      ,False         ,False      ,False        ,False                 ,False            ,False          ,False          ,False                  ,True            ,False             ,True      ,      7.0 ,    9.0 ,  8.0 ,2025.0 ,     2.0 ,47.4463585  ,12.3911473
UTMB®                              ,True           ,France              ,Chamonix               ,"https://res.cloudinary.com/kavval/image/upload/h_380,w_380,g_auto,c_lfill,q_auto:low,f_auto/events/europe/france/auvergne-rhone-alpes/haute-savoie/utmb/Kavval_UTMB"                                                                      ,https://www.finishers.com/en/event/utmb                                         ,False      ,False       ,True        ,False       ,False       ,False       ,False       ,True        ,False       ,False       ,True        ,False       ,False       ,False       ,False       ,False       ,False       ,False       ,False       ,True         ,False        ,False        ,False        ,False        ,False        ,False        ,False        ,False        ,False        ,True         ,False        ,False        ,False        ,False        ,True         ,False        ,True         ,False  ,True           ,True          ,True           ,False                      ,False         ,False         ,True                     ,True             ,False        ,True               ,False                 ,False     ,True         ,False        ,False             ,True           ,False          ,True         ,True            ,True                  ,False       ,False      ,False         ,True       ,False        ,True                  ,False            ,False          ,False          ,False                  ,True            ,False             ,True      ,     25.0 ,   29.0 ,  8.0 ,2025.0 ,     4.0 ,45.9246705  ,6.8727506
Julian Alps Trail Run              ,False          ,Slovenia            ,Kranjska Gora          ,"https://res.cloudinary.com/kavval/image/upload/h_380,w_380,g_auto,c_lfill,q_auto:low,f_auto/events/europe/slovenie/jesenice/julian-alps-trail-run/AdobeStock_280287447_wb2qxw"                                                            ,https://www.finishers.com/en/event/julian-alps-trail-run                        ,False      ,True        ,True        ,False       ,True        ,False       ,False       ,False       ,False       ,False       ,False       ,True        ,False       ,False       ,False       ,False       ,False       ,False       ,False       ,True         ,False        ,False        ,False        ,False        ,False        ,False        ,False        ,False        ,False        ,False        ,False        ,False        ,False        ,True         ,False        ,False        ,False        ,False  ,False          ,False         ,False          ,False                      ,False         ,False         ,False                    ,False            ,False        ,False              ,False                 ,False     ,True         ,False        ,False             ,False          ,False          ,True         ,False           ,False                 ,False       ,False      ,False         ,False      ,False        ,True                  ,False            ,False          ,False          ,False                  ,True            ,False             ,          ,          ,        ,  9.0 ,2025.0 ,         ,46.485132   ,13.7843957
Wildstrubel by UTMB ®              ,False          ,Switzerland         ,Crans-Montana          ,"https://res.cloudinary.com/kavval/image/upload/h_380,w_380,g_auto,c_lfill,q_auto:low,f_auto/events/europe/suisse/valais/district-de-loeche/wildstrubel-by-utmb/Wildstrubel-by-UTMB-Kavval"                                                ,https://www.finishers.com/en/event/wildstrubel-by-utmb                          ,False      ,False       ,False       ,False       ,True        ,False       ,False       ,False       ,False       ,False       ,True        ,False       ,False       ,True        ,False       ,False       ,False       ,False       ,False       ,False        ,False        ,False        ,True         ,False        ,False        ,False        ,False        ,False        ,False        ,False        ,False        ,False        ,False        ,False        ,False        ,False        ,False        ,False  ,False          ,False         ,False          ,False                      ,False         ,False         ,False                    ,False            ,True         ,False              ,False                 ,False     ,False        ,False        ,True              ,True           ,False          ,True         ,False           ,False                 ,False       ,False      ,False         ,False      ,False        ,True                  ,False            ,False          ,False          ,False                  ,True            ,False             ,          ,          ,        ,  9.0 ,2025.0 ,         ,46.3304899  ,7.526435803722132
Paraty Brazil                      ,False          ,Brazil              ,Paraty                 ,"https://res.cloudinary.com/kavval/image/upload/h_380,w_380,g_auto,c_lfill,q_auto:low,f_auto/events/amerique-du-sud/bresil/state-of-rio-de-janeiro/paraty/paraty-brazil-by-utmb/deuecbsoi3olwy5zwjcv"                                      ,https://www.finishers.com/en/event/paraty-brazil-by-utmb                        ,False      ,False       ,False       ,False       ,True        ,False       ,True        ,False       ,False       ,False       ,True        ,False       ,False       ,False       ,False       ,False       ,False       ,False       ,False       ,False        ,False        ,True         ,False        ,False        ,False        ,False        ,False        ,False        ,False        ,False        ,False        ,False        ,False        ,False        ,False        ,False        ,False        ,False  ,False          ,False         ,False          ,False                      ,False         ,False         ,False                    ,False            ,False        ,False              ,False                 ,False     ,True         ,False        ,False             ,True           ,False          ,True         ,False           ,False                 ,False       ,True       ,True          ,False      ,False        ,True                  ,False            ,False          ,False          ,False                  ,True            ,False             ,          ,          ,        ,  9.0 ,2025.0 ,         ,-23.2196461 ,-44.7154196
Grindstone Running Festival        ,False          ,United States       ,Mount Solon            ,"https://res.cloudinary.com/kavval/image/upload/h_380,w_380,g_auto,c_lfill,q_auto:low,f_auto/events/amerique-du-nord/etats-unis/virginie/comte-daugusta/grindstone-running-festival-by-utmb-r/ph7piri4sveml25m3y5w"                        ,https://www.finishers.com/en/event/grindstone-running-festival-by-utmb-r        ,False      ,False       ,False       ,True        ,False       ,False       ,False       ,False       ,False       ,True        ,False       ,False       ,False       ,False       ,False       ,False       ,False       ,False       ,False       ,True         ,False        ,False        ,False        ,False        ,False        ,False        ,False        ,False        ,False        ,False        ,False        ,True         ,False        ,False        ,False        ,False        ,False        ,False  ,False          ,False         ,False          ,False                      ,False         ,False         ,False                    ,False            ,False        ,False              ,False                 ,False     ,True         ,False        ,False             ,True           ,False          ,True         ,False           ,False                 ,False       ,False      ,False         ,False      ,False        ,True                  ,False            ,False          ,False          ,False                  ,True            ,False             ,          ,          ,        ,  9.0 ,2025.0 ,         ,38.3448488  ,-79.085032
Kaçkar                             ,False          ,Republic of Türkiye ,Ayder                  ,"https://res.cloudinary.com/kavval/image/upload/h_380,w_380,g_auto,c_lfill,q_auto:low,f_auto/events/europe/turquie/rize/kackar-by-utmb/nginiyjylaq7kflxgzyz"                                                                               ,https://www.finishers.com/en/event/kackar-by-utmb                               ,False      ,False       ,False       ,True        ,False       ,False       ,False       ,True        ,False       ,False       ,False       ,False       ,False       ,False       ,True        ,False       ,False       ,False       ,False       ,False        ,False        ,False        ,False        ,False        ,False        ,False        ,False        ,False        ,False        ,False        ,False        ,False        ,False        ,False        ,False        ,False        ,False        ,False  ,False          ,False         ,False          ,False                      ,False         ,False         ,False                    ,False            ,False        ,False              ,False                 ,False     ,False        ,False        ,False             ,True           ,False          ,True         ,False           ,False                 ,False       ,False      ,False         ,False      ,False        ,False                 ,False            ,False          ,False          ,False                  ,True            ,False             ,          ,          ,        ,  9.0 ,2025.0 ,         ,40.9525203  ,41.1020508
Ultra Trail Whistler               ,False          ,Canada              ,Whistler               ,"https://res.cloudinary.com/kavval/image/upload/h_380,w_380,g_auto,c_lfill,q_auto:low,f_auto/events/amerique-du-nord/canada/british-columbia/district-regional-de-squamish-lillooet/ultra-trail-whistler-by-utmbr/x2oln9m9ydvd7m1ka1lk"    ,https://www.finishers.com/en/event/ultra-trail-whistler-by-utmb                 ,False      ,False       ,False       ,False       ,True        ,False       ,False       ,False       ,True        ,False       ,False       ,False       ,False       ,True        ,False       ,False       ,False       ,False       ,False       ,False        ,False        ,False        ,False        ,False        ,False        ,False        ,False        ,False        ,False        ,False        ,False        ,False        ,False        ,False        ,False        ,False        ,False        ,False  ,False          ,False         ,False          ,False                      ,False         ,False         ,False                    ,False            ,False        ,False              ,False                 ,False     ,True         ,False        ,False             ,True           ,False          ,True         ,False           ,False                 ,False       ,False      ,False         ,False      ,False        ,True                  ,False            ,False          ,False          ,False                  ,True            ,False             ,          ,          ,        ,  9.0 ,2025.0 ,         ,50.1171903  ,-122.9543022
Chihuahua Mexico                   ,True           ,Mexico              ,Batopilas              ,"https://res.cloudinary.com/kavval/image/upload/h_380,w_380,g_auto,c_lfill,q_auto:low,f_auto/events/amerique-du-nord/mexique/etat-de-chihuahua/chihuahua-mexico-by-utmb-r/arfovpajosae0oeq5edf"                                            ,https://www.finishers.com/en/event/chihuahua-mexico-by-utmb-r                   ,False      ,True        ,False       ,True        ,False       ,False       ,True        ,False       ,False       ,False       ,True        ,False       ,False       ,False       ,False       ,False       ,False       ,True        ,False       ,False        ,False        ,False        ,False        ,False        ,False        ,False        ,False        ,False        ,False        ,False        ,True         ,False        ,False        ,False        ,False        ,False        ,False        ,False  ,False          ,False         ,False          ,False                      ,False         ,False         ,False                    ,False            ,False        ,False              ,False                 ,False     ,True         ,False        ,False             ,True           ,False          ,True         ,False           ,False                 ,False       ,False      ,False         ,False      ,False        ,True                  ,False            ,False          ,False          ,False                  ,True            ,False             ,True      ,      2.0 ,    4.0 , 10.0 ,2025.0 ,     2.0 ,26.92450565 ,-107.66733157855265
Kodiak Ultra Marathons             ,False          ,United States       ,Big Bear Lake          ,"https://res.cloudinary.com/kavval/image/upload/h_380,w_380,g_auto,c_lfill,q_auto:low,f_auto/events/amerique-du-nord/etats-unis/californie/comte-de-san-bernardino/kodiak-ultra-marathons/Kodiak_Ultra_Marathons_mwmqeh"                   ,https://www.finishers.com/en/event/kodiak-ultra-marathons-utmb                  ,False      ,True        ,False       ,True        ,False       ,False       ,False       ,False       ,False       ,True        ,False       ,False       ,False       ,False       ,False       ,False       ,False       ,False       ,False       ,True         ,False        ,False        ,False        ,False        ,False        ,False        ,False        ,False        ,False        ,False        ,False        ,True         ,False        ,False        ,False        ,False        ,False        ,False  ,False          ,False         ,False          ,False                      ,False         ,False         ,False                    ,False            ,False        ,False              ,False                 ,False     ,True         ,False        ,False             ,True           ,False          ,True         ,False           ,False                 ,False       ,False      ,False         ,False      ,False        ,True                  ,False            ,False          ,False          ,False                  ,True            ,False             ,          ,          ,        , 10.0 ,2025.0 ,         ,34.2440587  ,-116.91018
TransJeju                          ,False          ,South Korea         ,Jeju City              ,"https://res.cloudinary.com/kavval/image/upload/h_380,w_380,g_auto,c_lfill,q_auto:low,f_auto/events/asie/coree-du-sud/jeju-do/trans-jeju/lcpotwepl2q6k73ltlkk"                                                                             ,https://www.finishers.com/en/event/transjeju-by-utmb-r                          ,False      ,False       ,False       ,True        ,False       ,False       ,False       ,False       ,False       ,True        ,False       ,False       ,False       ,False       ,False       ,False       ,False       ,False       ,False       ,True         ,False        ,False        ,False        ,False        ,False        ,False        ,False        ,False        ,False        ,False        ,False        ,False        ,False        ,False        ,False        ,False        ,False        ,False  ,False          ,False         ,False          ,False                      ,False         ,False         ,False                    ,False            ,False        ,False              ,False                 ,False     ,True         ,False        ,False             ,False          ,False          ,True         ,False           ,False                 ,False       ,False      ,False         ,False      ,False        ,True                  ,False            ,False          ,False          ,False                  ,True            ,False             ,          ,          ,        , 10.0 ,2025.0 ,         ,33.49383815 ,126.50246209943043
Ultra-Trail Ninghai                ,False          ,China               ,Ninghai                ,"https://res.cloudinary.com/kavval/image/upload/h_380,w_380,g_auto,c_lfill,q_auto:low,f_auto/events/asie/chine/province-de-zhejiang/ningbo-shi/ultra-trail-ninghai-by-utmb-r/vuxzzxz2e2mr74kcqk1u"                                         ,https://www.finishers.com/en/event/ultra-trail-ninghai-by-utmb-r                ,False      ,False       ,False       ,False       ,True        ,False       ,False       ,False       ,False       ,False       ,False       ,True        ,False       ,False       ,False       ,False       ,False       ,False       ,False       ,False        ,True         ,False        ,False        ,False        ,False        ,False        ,False        ,False        ,False        ,False        ,False        ,False        ,False        ,False        ,False        ,False        ,False        ,False  ,False          ,False         ,False          ,False                      ,False         ,False         ,False                    ,False            ,False        ,False              ,False                 ,False     ,True         ,False        ,False             ,True           ,False          ,True         ,False           ,False                 ,False       ,False      ,False         ,False      ,False        ,False                 ,False            ,False          ,False          ,False                  ,True            ,False             ,          ,          ,        , 10.0 ,2025.0 ,         ,29.2907774  ,121.4252252
Mallorca                           ,False          ,Spain               ,Soller                 ,"https://res.cloudinary.com/kavval/image/upload/h_380,w_380,g_auto,c_lfill,q_auto:low,f_auto/events/europe/espagne/illes-balears/illes-balears/mallorca-by-utmb-r/dmcevx2emwclypcfbdiy"                                                    ,https://www.finishers.com/en/event/mallorca-by-utmb-r                           ,False      ,False       ,False       ,False       ,True        ,False       ,False       ,False       ,True        ,False       ,False       ,False       ,False       ,True        ,False       ,False       ,False       ,False       ,False       ,False        ,False        ,False        ,False        ,False        ,False        ,False        ,False        ,False        ,True         ,False        ,False        ,False        ,False        ,False        ,False        ,False        ,False        ,False  ,False          ,False         ,False          ,False                      ,False         ,False         ,False                    ,False            ,False        ,False              ,False                 ,False     ,False        ,True         ,False             ,True           ,False          ,True         ,False           ,False                 ,True        ,False      ,False         ,False      ,False        ,False                 ,False            ,False          ,False          ,False                  ,True            ,False             ,          ,          ,        , 10.0 ,2025.0 ,         ,50.504121   ,6.8556773
Kullamannen                        ,False          ,Sweden              ,Båstad                 ,"https://res.cloudinary.com/kavval/image/upload/h_380,w_380,g_auto,c_lfill,q_auto:low,f_auto/events/europe/suede/comte-de-scanie/kullamannen/AdobeStock_412129108_jbwneq"                                                                  ,https://www.finishers.com/en/event/kullamannen-by-utmb                          ,False      ,False       ,False       ,True        ,False       ,False       ,False       ,False       ,False       ,True        ,False       ,False       ,False       ,False       ,False       ,False       ,False       ,False       ,False       ,False        ,True         ,False        ,False        ,False        ,False        ,False        ,False        ,False        ,False        ,False        ,False        ,True         ,False        ,False        ,False        ,False        ,False        ,False  ,False          ,False         ,False          ,False                      ,False         ,False         ,False                    ,False            ,True         ,False              ,False                 ,False     ,False        ,False        ,False             ,True           ,False          ,True         ,False           ,True                  ,False       ,False      ,True          ,False      ,False        ,True                  ,False            ,False          ,False          ,False                  ,True            ,False             ,          ,          ,        , 10.0 ,2025.0 ,         ,56.4267895  ,12.8607151
Puerto Vallarta México             ,False          ,Mexico              ,Puerto Vallarta        ,"https://res.cloudinary.com/kavval/image/upload/h_380,w_380,g_auto,c_lfill,q_auto:low,f_auto/AdobeStock_126896044_wtmioq"                                                                                                                  ,https://www.finishers.com/en/event/puerto-vallarta-mexico-by-utmb               ,False      ,True        ,False       ,True        ,False       ,False       ,True        ,False       ,False       ,True        ,False       ,False       ,False       ,False       ,False       ,False       ,False       ,False       ,True        ,False        ,False        ,False        ,False        ,False        ,False        ,False        ,False        ,False        ,True         ,False        ,False        ,False        ,False        ,False        ,False        ,False        ,False        ,False  ,False          ,False         ,False          ,False                      ,False         ,False         ,False                    ,False            ,False        ,False              ,False                 ,False     ,True         ,False        ,False             ,True           ,False          ,True         ,True            ,False                 ,False       ,True       ,False         ,False      ,False        ,True                  ,False            ,False          ,False          ,False                  ,True            ,False             ,          ,          ,        , 11.0 ,2025.0 ,         ,20.6407176  ,-105.220306
TransLantau                        ,False          ,Hong Kong           ,Hong-Kong              ,"https://res.cloudinary.com/kavval/image/upload/h_380,w_380,g_auto,c_lfill,q_auto:low,f_auto/events/asie/chine/translantau-trail/AdobeStock_126966846_1_vkhgvd"                                                                            ,https://www.finishers.com/en/event/translantau-trail                            ,False      ,False       ,False       ,False       ,True        ,False       ,False       ,False       ,False       ,True        ,False       ,False       ,False       ,False       ,False       ,False       ,False       ,False       ,False       ,True         ,False        ,False        ,False        ,False        ,False        ,True         ,False        ,False        ,False        ,False        ,False        ,False        ,False        ,False        ,False        ,False        ,False        ,False  ,False          ,False         ,False          ,False                      ,False         ,False         ,False                    ,False            ,False        ,False              ,False                 ,False     ,True         ,True         ,False             ,True           ,False          ,True         ,False           ,False                 ,False       ,False      ,False         ,False      ,False        ,True                  ,False            ,False          ,False          ,False                  ,True            ,False             ,          ,          ,        , 11.0 ,2025.0 ,         ,22.350627   ,114.1849161
Malaysia Ulra Trail                ,False          ,Malaysia            ,Taiping                ,"https://res.cloudinary.com/kavval/image/upload/h_380,w_380,g_auto,c_lfill,q_auto:low,f_auto/events/asie/malaisie/perak/larut-matang-selama/malaysia-ulra-trail-by-utmb-r/asfwuigauowhmpxrk3xx"                                            ,https://www.finishers.com/en/event/malaysia-ulra-trail-by-utmb-r                ,True       ,False       ,True        ,False       ,True        ,False       ,False       ,False       ,False       ,True        ,False       ,False       ,False       ,False       ,False       ,False       ,False       ,False       ,False       ,True         ,False        ,False        ,False        ,False        ,False        ,False        ,False        ,False        ,False        ,False        ,False        ,False        ,False        ,False        ,False        ,False        ,False        ,False  ,False          ,False         ,False          ,False                      ,False         ,False         ,False                    ,False            ,False        ,False              ,False                 ,False     ,True         ,False        ,False             ,True           ,False          ,True         ,False           ,True                  ,False       ,False      ,False         ,False      ,False        ,False                 ,False            ,True           ,False          ,False                  ,True            ,False             ,          ,          ,        , 11.0 ,2025.0 ,         ,4.8546772   ,100.7438831
Ultra Trail Kosciuszko             ,False          ,Australia           ,Thredbo                ,"https://res.cloudinary.com/kavval/image/upload/h_380,w_380,g_auto,c_lfill,q_auto:low,f_auto/events/oceanie/australie/new-south-wales/snowy-monaro-regional-council/ultra-trail-run-kosciuszko-utmb/bk12ds0qfj4hcnhdal5u"                  ,https://www.finishers.com/en/event/ultra-trail-run-kosciuszko-utmb              ,False      ,False       ,False       ,False       ,False       ,True        ,False       ,False       ,False       ,True        ,False       ,False       ,False       ,False       ,False       ,False       ,False       ,False       ,False       ,False        ,True         ,False        ,False        ,False        ,False        ,False        ,False        ,False        ,False        ,False        ,False        ,False        ,True         ,False        ,False        ,False        ,False        ,False  ,False          ,False         ,False          ,False                      ,False         ,False         ,False                    ,False            ,False        ,False              ,False                 ,False     ,False        ,False        ,False             ,True           ,False          ,True         ,False           ,False                 ,False       ,False      ,False         ,False      ,False        ,False                 ,False            ,False          ,False          ,False                  ,True            ,False             ,          ,          ,        , 11.0 ,2025.0 ,         ,-36.5047751 ,148.3057091
Hoka Chiang Mai Thaïland           ,False          ,Thailand            ,Chiang Mai             ,"https://res.cloudinary.com/kavval/image/upload/h_380,w_380,g_auto,c_lfill,q_auto:low,f_auto/events/asie/thailande/province-de-chiang-mai/mueang-chiang-mai/thailand-by-utmb/AdobeStock_464280107_jetgc9"                                  ,https://www.finishers.com/en/event/hoka-chiang-mai-thailand-by-utmb-r           ,False      ,True        ,False       ,False       ,True        ,False       ,False       ,False       ,False       ,True        ,False       ,False       ,False       ,False       ,False       ,False       ,False       ,False       ,True        ,False        ,False        ,False        ,False        ,False        ,False        ,False        ,False        ,False        ,False        ,False        ,False        ,False        ,False        ,False        ,True         ,False        ,False        ,False  ,False          ,False         ,False          ,False                      ,False         ,False         ,False                    ,False            ,False        ,False              ,False                 ,False     ,True         ,False        ,False             ,True           ,False          ,True         ,False           ,True                  ,False       ,False      ,False         ,False      ,False        ,False                 ,False            ,False          ,False          ,False                  ,True            ,False             ,          ,          ,        , 12.0 ,2025.0 ,         ,18.7882778  ,98.9858802
Arc Of Attrition                   ,False          ,United Kingdom      ,Porthtowan             ,"https://res.cloudinary.com/kavval/image/upload/h_380,w_380,g_auto,c_lfill,q_auto:low,f_auto/events/europe/royaume-uni/angleterre/cornouailles/arc-of-attrition/AdobeStock_63024143_wbmloh"                                                ,https://www.finishers.com/en/event/arc-of-attrition-by-utmb                     ,False      ,False       ,False       ,False       ,False       ,False       ,False       ,True        ,False       ,False       ,False       ,False       ,False       ,False       ,False       ,True        ,False       ,False       ,False       ,False        ,False        ,False        ,False        ,False        ,False        ,False        ,False        ,False        ,False        ,False        ,False        ,True         ,False        ,False        ,False        ,False        ,False        ,False  ,False          ,False         ,False          ,False                      ,False         ,False         ,False                    ,True             ,True         ,False              ,False                 ,False     ,True         ,False        ,False             ,False          ,False          ,True         ,False           ,False                 ,False       ,False      ,True          ,False      ,False        ,True                  ,False            ,False          ,False          ,False                  ,True            ,False             ,          ,          ,        ,  1.0 ,2026.0 ,         ,50.284988   ,-5.2393102
